heisenberg.i2p,jz4quyw7zt63tmw65jfp76fblwadjss4iyi4puqdg3dye7oaqlvq
hackerculture.i2p,pl4pccq65gaee64zgo2slvn3ggjui56ewrcgxkmfuua5p7dwek2q
suicidal.i2p,yfamynllow5xiqbbca7eh5xn733wtnuti5bi4ovc7dwycntqmiuq
seomon.i2p,5mvpsy4h45w4fx7upen7ay3vkrs5klphz5nptmtcqvc3fsajsm4q
khzae.i2p,5rxgt7ppz6newvgfugr4iwxf26pazhhdzst64aqoklhszhbvsira
bmw.i2p,6naudpj2zozw6aiiqusv6znfzyprwitrufauz3zuejtdbotp6mxq
false.i2p,77mpz4z6s4eenjexleclqb36uxvqjtztqikjfqa4sovojh6gwwha
jabber.i2p,32dft3x7pnwmgmc24yzl22r7kevefk22k66ms2dssd4w3skcgzqq
ciphercraft.i2p,7s5pkqbpbfdkxtwuu2e2iwstbikyewvvscy76lij4x5pfbygbjca
1st.i2p,rduua7bhest6rwsmmyttzssfdw3p4eu6bgl3mb4hin32qo3x5zfq
archiv.tutorials.i2p,lldr2miowq6353fxy44pnxfk37d6yn2f6kaivzecbmvvnnf5exyq
i2pwiki.i2p,nrbnshsndzb6homcipymkkngngw4s6twediqottzqdfyvrvjw3pq
magix.i2p,cgfnyxv62msfynsfbv3kju22j2mt6tfnopshhmrcmpcrxyts6xwq
novospice.i2p,ukqap24nwac4gns77s4zy7j5cagt7l7syb5zo7eukfg3zn5gg5qq
telegram.i2p,i6jow7hymogz2s42xq62gqgej2zdm4xtnmpc6vjcwktdxpdoupja
rufurus.i2p,7msryymfdta3ssyz34qur6gi4jyfkvca5iyfmnceviipwu7g2wca
sqz.i2p,3jvbwc7sy4lnhj25nj7yepx7omli4ulqirnawv3mz6qlhgokjgzq
dcherukhin.i2p,qa4boq364ndjdgow4kadycr5vvch7hofzblcqangh3nobzvyew7a
epub-eepsite.i2p,yxvzjwd4vin6pnjauekdufh7lxaijal3kqe2bhakuf47g5zkb6xa
tracker.psi.i2p,vmow3h54yljn7zvzbqepdddt5fmygijujycod2q6yznpy2rrzuwa
me.i2p,dbpegthe42sx2yendpesxgispuohjixm4bds7ts5gjxzni5nu6na
zerobin.i2p,3564erslxzaoucqasxsjerk4jz2xril7j2cbzd4p7flpb4ut67hq
pt.hiddenanswers.i2p,o5jlxbbnx3byzgmihqye3kysop5jgl3unsrkmurbtr2nrnl2y74a
stream.i2p,prmbv3xm63ksoetnhbzqg4nzu2lhqdnqytgsydb7u3quxfrg7rna
di.i2p,3irnooyt5spqiem66upksabez4f3yyrvvjwkmwyzlbealg64mgxa
neodome.i2p,5hkhjehj3ct2pvcah7dcylwef2oti3xij5myxbv3pd7rocio5vkq
ilcosmista.i2p,6u2rfuq3cyeb7ytjzjxgbfa73ipzpzen5wx3tihyast2f2oeo24q
ivorytower.i2p,fpwrfvidfexsz7dspofkwtkmmizm7lyralfz5kvykffk7gubvxsq
i2pd.i2p,4bpcp4fmvyr46vb4kqjvtxlst6puz4r3dld24umooiy5mesxzspa
diasporg.i2p,edvccoobtjukjgw2os5eetywanbb2mpag5aknkrpia5qx2koksua
lyra.i2p,xfinw5aapff3ajbm3vnk4t5wor3lzcuwtq73rxz4yb7umlnmyl3q
black.i2p,sjwueu62qpe6dtv5b322k3f23fl4uz3w6qe6wcrwauiwpnymypfq
radio.r4sas.i2p,cv72xsje5ihg6e24atitmhyk2cbml6eggi6b6fjfh2vgw62gdpla
push.git.repo.i2p,jef4g5vxnqybm4zpouum3lzbl6ti6456q57nbyj5kfyldkempm3a
yottabyte.i2p,zsdqh2ozauksuyeiaqypgcxus5ldmxgxxgz4yp76pglrjxzzu2ra
cathugger.i2p,vq43xjjcnejqpzfprws5qzrea2siieshu4tglpdepql2w3w3bpba
pisekot.i2p,7yzdwhy723fodqz4onp6k3nyvixra2sa6dl45tcblhmyoa7i36nq
mysterious.i2p,p66g2a4nzfkvidd3l7nwphcnfa3ttyu5kiolcb4czec2rn2kvwsq
deb-mirror.i2p,l6ly7szjqvbffz7hacvjxqsbvpxoguh34ypkddtgse6bq3fljayq
irc.r4sas.i2p,hodhusp73gltozgrnianlbploon3rrvhrzfn5mf2g46o7aaau5la
gusion.i2p,4qyfdhizjixe2psu7wcvqufix5wlijocehpb2futurcmlhlktrta
revo-ua.i2p,hpojpumki22xjwhmhe6zkiy44oanyn7u4ctcfe3in2ibwm5l32hq
git.repo.i2p,vsd2vtgtuua2vwqsal2mpmxm2b2cpn3qzmqjoeumrrw2p4aot7uq
identiguy.i2p,3mzmrus2oron5fxptw7hw2puho3bnqmw2hqy7nw64dsrrjwdilva
eepsites.i2p,isskhl4ak3g7qevrarlmblddgr4ugnn3ckalwpjcvxafk5rjgypq
pasta-nojs.i2p,dkkl3ab6iovxfqnp44wsjgqaabznvu7u3hugpzyagbeqlxgvx3la
ilita.i2p,isxls447iuumsb35pq5r3di6xrxr2igugvshqwhi5hj5gvhwvqba
exchanged.i2p,ylmulgfskl6uiwac4hw4ecwqdzd3oxtwaemzj25zc6k5q4rkexra
anonyradio.i2p,cbobsax3rhoyjbk7ii2nd2fnl5bxh3x7bbearokyxgvmudn7o5bq
seeker.i2p,ipll7sit24oyhnwawpvokz5u7dabq6klveuqpx3sbi6o5qemy2bq
ircssl.cerapadus.i2p,4x2i745i4w52ss3he2kse6tzwt64pr62yvrcb72lgvrb63fup6ea
wiki.ilita.i2p,r233yskmowqe4od4he4b37wydr5fqzvj3z77v5fdei2etp2kg34a
lodikon.i2p,u3f67staiwhqxpacya3clmvurdwd2kp7qcthzhstqnhrmlwc2g4a
shoieq3.i2p,3fjk4nfk3mccch4hdreghnyijcvovsi3yucjz3qzj5sxngqk5j6q
fsoc.i2p,vaqc4jm2trq7lx2kkglve7rkzxhhaptcwwl32uicx4ehf5k3hx6q
trumpusa.i2p,vopyffqj3il2uapcvfxq2zkcdybf7ekmpvnrt6d4dbeuecbvs2ea
sto-man.i2p,rg4eilfpe24ws6nctix63qw2dlvd2tqgwdcgdxzji6l5bc4dc7aa
elgoog.i2p,z6hrgkg2ajmuzlrddjlffrgctx7x7fkipm6c4hdzmohyn5wkr4ya
opendiftracker.i2p,bikpeyxci4zuyy36eau5ycw665dplun4yxamn7vmsastejdqtfoq
w.i2p,j2xorlcb3qxubnthzqu7lt4fvxqn63it4ikwmze55yjkzeeampuq
irc.ilita.i2p,5xeoyfvtddmo5k3kxzv7b3d5risil6333ntqrr3yvx3yubz5tk3a
magnets.i2p,snz46nez6hrrpg6336neinflw56l3vwatk6bzzytwu77xmsfsoca
ts.i2p,nebcjgfx3f7q4wzihqmguwcdeopaf7f6wyk2dojw4bcuku472zxq
dlms.i2p,krsbxsaw3lnb6ctdpydygm2gqobjcpm4pf367ddo5hylbscnynmq
mtn.meeh.i2p,h7ylrsuzzynrxp3jql7anoozyqblavj7eqces6o3wngvuuxhs2la
bs.i2p,bcr355ziz6uupqzsmfffa6zbk4bdte4yvkk3qy4xryy7hmw5axzq
relatelist.i2p,utrer5zgnou72hs4eztmk37pmzdtfw3d6s23wwl7nk3lkqpzbdiq
stats.i2p,7tbay5p4kzeekxvyvbf6v7eauazemsnnl2aoyqhg5jzpr5eke7tq
torrfreedom.i2p,nfrjvknwcw47itotkzmk6mdlxmxfxsxhbhlr5ozhlsuavcogv4hq
cbs.i2p,u3lp7wazvq6opodzwjg5sc5w5kwxehmxd4wcdpt4s4j2k4dx4apq
bofh.i2p,auvuinzogu6gc4pwsgbjijuszxgcjygciu2wy53pfz7mo5nfpc5a
hello2600.i2p,khpazz3f747z5zet72s6g3dccw53bfdqyhxt5da4sv7ouve5veuq
cgan.i2p,43z65gdr52xe3fxmkumwp3dzhedu4tu4rdtzr24hz5b4awcpfbqa
chitanka.i2p,u4s3jneepk3akoez46kqiwikoezi6zyj2ibjkjyi4uuvsbcojzba
dumpteam.i2p,2fwlpuouwxlk2nj4xklvm43m52tqyhqnu2fcfiuv7clvf3wd5nwa
keys.echelon.i2p,mwfpkdmjur5ytq4og36ym3ychinv36b2a57f4rmgqmtrwepq3fva
i2podisy.i2p,3c2jzypzjpxuq2ncr3wn3swn5d4isxlulqgccb6oq5f6zylcrvcq
i.i2p,5lpdk3gft3wccs4npmadb5mh3hwb7uh63ehym2x5rdre77xtfleq
artik.i2p,3o7u6aag37cx6vvfort2xkorfra5begoz5j3pwgp27toczhjxgpa
monerotools.i2p,5bal7dngxde2ddmhuzbtfken6w5nmxmixtjlrlmxt3wbhnemv73q
flibs.i2p,ocdm33e3h5tdml3yyholj4objdwsrhlugfqjnqgdkslmgdzb6b3a
nnm-club.i2p,xkk5fzxdmjra4xlijoa43h5cfcbusdjc6dbfplulvouxdbztokwq
libertor.i2p,7gajvk4dnnob6wlkoo2zcws7nor3gunvoi7ofalcps5lc76wruuq
hiddenbooru.i2p,zma5du344hy2ip5xcu6xmt4c7dgibnlv5jm4c2fre5nxv44sln3q
bigbrother.i2p,tnxiifs6uticzyg6ac4lhv2l5luwi6xra7yngocro56ive5e4jsq
tracker.crypthost.i2p,ri5a27ioqd4vkik72fawbcryglkmwyy4726uu5j3eg6zqh2jswfq
projectmayhem2012-086.i2p,ehkjj4ptsagxlo27wpv4a5dk4zxqf4kg4p6fh35xrlz4y6mhe4eq
pool.gostcoin.i2p,m4f4k3eeaj7otbc254ccj7d5hivguqgnohwelkibr4ddk43qhywa
pris.i2p,ahiwycgzuutdxvfqu3wseqffdnhy675nes57s4it2uysy5pxmz6a
exchange.gostcoin.i2p,n33uthzyqsbozl2qh5zii2bq2nnvbz6g6c4ew3mwp6uukk6u7wva
lolicatgirls.i2p,a4lzmjyba7aq7hl6okqpds7znnwymolqnr7xhvno2wraqb7uhfla
lolifox.i2p,7fd2clkiotjnaoeigdtxlkkb24eik675ovezjf67x26ysham4zca
reg.rus.i2p,k2r2wda4eavt4hoq5hptprqfmixusirq3gi5bl3z2pqzcd6felwa
dead.i2p,7ko27dxvicr2sezvykkrfiktlghx5y5onup3f2bas5ipocy6ibvq
serien.i2p,3z5k3anbbk32thinvwcy4g5al7dmb75fagcm3zgh4rzrt3maphda
wa11ed.city.i2p,7mxwtmala3ycg2sybjwwfil7s6dqck2fbemeutghhwu73rznmqoa
obscuratus.i2p,i4j37hcmfssokfb6w3npup77v6v4awdxzxa65ranu34urjs4cota
paste.r4sas.i2p,csen43keji3qiw6uobsgzysxyjd225g6446ylq5uuz6ur2glkzaa
redzara.i2p,ty7bt62rw5ryvk44dd3v5sua6c7wnbpxxqb6v4dohajmwmezi7va
mud.i2p,qcjtmicd3ow3q26iwcs62m5zu3dceu6emo3afezulh4c3fsgrkia
irongeeks.i2p,ecduxoion5uc5hnvzjxff6iiwhdwph6gse3dknyvlo7e6gaeho7a
obmen.i2p,vodkv54jaetjw7q2t2iethc4cbi4gjdrmw2ovfmr43mcybt7ekxa
h13.i2p,tozb4vssixoccyqtgnpaatkg2ql52kkjwnsdo3dltezges2na4bq
git.psi.i2p,em763732l4b7b7zhaolctpt6wewwr7zw3nsxfchr6qmceizzmgpa
secretchat.i2p,cl3j2zxhpw6u6jevny45i557ojhwfxn4g375nnuqhy6lp27mry2q
rutor.i2p,tro5tvvtd2qg34naxhvqp4236it36jjaipbda5vnjmggp55navdq
manas.i2p,6qolj62ikkoq6wdn3hbvcbdmlvf2rcyv432kgi5uy7mvrczmjtba
ru.hiddenanswers.i2p,o6rmndvggfwnuvxwyq54y667fmmurgveerlzufyrhub6w3vkagva
irc.postman.i2p,mpvr7qmek2yz2ekegp5rur573z7e77vp3xqt2lfbco5i6nkfppcq
syndie.echelon.i2p,vwrl2qmcif722fdkn3ldxcgz76df5cq4qypbndzthxwgmykyewta
exch.i2p,vsyjsbbf2pyggtilpqwqnhgcc7mymjxblamarmxe5hmbxaxvcndq
danwin1210.i2p,eoqdf4no5dxn4tw5n256kkd4lzz3uk4p47np4mepsykpsdzrnvba
infoserver.i2p,jd3agbakybnhfvkeoxrx7t33iln6suzomv3kxkxf77j7rkonch6q
ptt.i2p,q7r32j7lc3xgrcw2ym33wv4lfgqbez7vtm4lts7n34qfe3iygeha
inclib.i2p,ux6prousphswf56bym7yo7kst4ybh45y2z2wrnw7dujmrz56hq4q
orc.i2p,orcnge47kqnpdj4wb22bg6aqcv5v6yu7kmjf5ll3htvseiqayntq
chaoswebs.i2p,fz7l3tv3urnnhjvlrdylbd4uhxpglmm2i3xfvuqrhksjccdfzx6q
freefallheavens.i2p,giqnkltyugfmsb4ot5ywpvf3ievuswfurk6bjie4hxi2hh2axajq
i2pjump.i2p,2mwcgdjvfvd3xwumzqzqntual3l57h3zo7lwdmkjboeraudpkyka
doom.i2p,yvnq6yyiluav647i7qc3hpjkprrbx7x4hb7e6djgwflu46vwqodq
jwebcache.i2p,xdffxnxtjd6ji2zig3cgva7igvl2tiapyjoc7ylbzwqhxudbmvfa
hiddenanswers.i2p,kj2kbzt27naifij4ki6bklsa2qfewxnkzbkgvximr4ecm7y4ojdq
secure.thetinhat.i2p,4q3qyzgz3ub5npbmt3vqqege5lg4zy62rhbgage4lpvnujwfpala
i2p-scene.i2p,cc6z3xuw67d2mpq5horgu4mpk7hybmhutotmwvmzzpvoudggifuq
darrob.i2p,hz2xhtpeo6btgiwi6od4qj2575ml5o2246rd5orarruyjhd63zja
tabak.i2p,y5o2vwb6kart7ivpnbpk4yte3i7kf2dsx7fy3i6w7htqtxhmbzia
messageinabottle.i2p,avfhe3kvrrv7utxn2vre65lg7damxzzsewq3vukwie4llitd254a
jrrecology.i2p,qxi24gpbum3w3kesuxvheyu3p5u5o6tuvoypaolub2gnvbld57xq
bobthebuilder.i2p,qlahgthqhr4uojkkwahnper2cl3ro5f5gtzy5t4lzapbzo4osy6q
www.imule.i2p,657xcllunctawyjtar5kgh3wpt6z4l7ba6mmam5rf7hev5w2lsvq
git.crypthost.i2p,7frihhdcisdcyrzdbax6jzvx5gvtgwsm7m6kcem2tlaw4jtahbqa
zcash.i2p,zcashmliuw3yd2ptfyd5sadatcpyxj4ldiqahtjzg73cgoevxp4q
metrics.i2p,z45ieamhex2ihqv7oowk5fz4qq47rbvxhhhbaaiinpajbhuevtpq
bugfuzz.i2p,ubszn4gsf22vga67rvzzlg4qj2bfcq6o52fmxz46xruawqm6z7rq
bmworc.i2p,w254y65la47elcmf6mo7xc2caamm3ikeusmjjfknwsavwsy4whzq
marlin23732.i2p,wfpkmtqz5fzlkh4wpft2aei3itithbhthp5peyavx6zn3napipgq
pizdabol.i2p,5vik2232yfwyltuwzq7ht2yocla46q76ioacin2bfofgy63hz6wa
games.nine.i2p,ov27guhkdyhgdkqcsi7ipxsbudytn7bj3qp6ovwk6ih2wwu6sl3q
tipped8.i2p,5l2mzforxf5kok7ndc6m53nfxve75m5tozb37m6eg2xsaf6hdlmq
syndie-project.i2p,xa63tpfoaqt3zru2ehxjjfbpadwj4ha6qsdvtcqtyr3b7hmt4iaq
p4bl0.i2p,lkgdfm4w6e2kkjhcdzr4ahhz26s3aunhrn6t2or436o73qh4z7ga
meeh.i2p,4oes3rlgrpbkmzv4lqcfili23h3cvpwslqcfjlk6vvguxyggspwa
hagen.i2p,e2t6rqd2ysbvs53t5nnaf7drllkgk6kfriq3lfuz6mip6xfg644q
publicwww.i2p,oitoja234mwfbeuhtuibnxn6hd5v4nbtf7oxfgdhk5igrg6wkiqq
git.volatile.i2p,gwqdodo2stgwgwusekxpkh3hbtph5jjc3kovmov2e2fbfdxg3woq
normal.i2p,j5fex634r2altzb3kjvu35qekt2r3hgsqzg5qxoy7dp53heu5pma
hiddenchan.i2p,6y4tltjdgqwfdcz6tqwc7dxhhuradop2vejatisu64nwjzh5tuwa
bt.nnm-club.i2p,bmqz3v5ulhkvyqeahmp7co76ea4mwrxvb5nmtuclltpthm4mb47a
project-future.i2p,ivqynpfwxzl746gxf376lxqvgktql2lqshzwnwjk2twut6xq7xta
shoronil.i2p,7shqzgmb6tabiwrnwlasruq7pswy2d3emvfhaitehkqgod7i62sa
ebooks.i2p,bvpy6xf6ivyws6mshhqmdmr36pruh2hvoceznzeag52mpu647nzq
irc.cerapadus.i2p,e4ckznxcxvgyikzjmjsu72i2dbj2d76ogexyukklbjvpcnhp6zzq
pop.postman.i2p,ipkiowj7x4yjj7jc35yay3c6gauynkkl64gzzyxra3wmyhtfxlya
333.i2p,ctvfe2fimcsdfxmzmd42brnbf7ceenwrbroyjx3wzah5eudjyyza
irc.echelon.i2p,ez2czsvej5p3z5bquue5q3thujcodfze7ptybctqhnqc7hms5uzq
nine.i2p,gniusiswp2zhjwh6bxdlyzk2ocg2cx6xxjwcmih4mohjs5sokqsa
bote.i2p,bhjhc3lsdqzoyhxwzyrd63kvyg4br6n2337d74blyintae66mr2a
hotline.i2p,6cczi27iuxkm3aivazaemzltdqgh42ljzurqp43uclbz2lid2uqq
ardor-wallet.i2p,tm23k5ny3umhf6vf3kghnnwacli5zywq5wrr3xcqowbcofuyr4gq
pravtor.i2p,2sr27o5x2v2pyqro7wl5nl6krrsbizwrzsky5y7pkohwh24gn6xq
lainchan.i2p,7rov2od4lmtfswthoy7tziiuixupugkrexpdvyso5yj5pgicxvga
animal.i2p,5iedafy32swqq4t2wcmjb4fvg3onscng7ct7wb237jkvrclaftla
electrico.i2p,65yj7dwjbne26e7pfvf4grwn3ohttvxtsbt5l5kyr3v67rjucyya
znc.str4d.i2p,ufkajv3stxpxlwgwwb2ae6oixdjircnbwog77qxpxv7nt67rpcxq
anongw.i2p,owrnciwubb3f3dctvlmnaknb6tjdxtlzvv7klocb45mmhievdjhq
fantasy-worlds.i2p,62a4xcyyhvfrcq2bkckb7ia37fmrssrgx467tlkxp32fjpq577wq
ol.i2p,bnb46culzbssz6aipcjkuytanflz6dtndyhmlaxn3pfiv6zqrohq
garden.i2p,qkk2dqx6nocycgt3vinsoc76cxkb4jreybcpgz3fcps2dbe4rowq
gostcoin.i2p,4gzcllfxktrqzv3uys5k4vgkzbth4gqednwhfpt755yivm3davuq
kibykarni.i2p,xowcvzbeq72slpbrwmjl3zy6xkrkb2ncctpkkskeqts63vedtg7a
torrentfinder.i2p,mpc73okj7wq2xl6clofl64cn6v7vrvhpmi6d524nrsvbeuvjxalq
co.i2p,3mvo5eifcwplcsoubtvqkzdahwo2sdhfygfdde7lj2glybk4q22q
barry.i2p,4kyahq53ol52n23l44tefgeaxqpp3cbb632t5k3umdvqcooevdzq
glunews.i2p,2bka7rmfn75ollbwq2cgzf35yxx3qz3lttmwi7i5t7iptlj74yja
searx.i2p,lcjxhuo5lbrol3e5ijj3ga4gdhhelzdyslc7bm4blw6jy6cx4p5a
news.neodome.i2p,trhwcnygfkeqjj6g4xhmrdp4gsjqsye47lsxshbmwbten4ywt5oq
traditio.i2p,wkpjjloylf6jopu2itgpktr45t2xvpjijxilxd5tq4i7wkqgwhhq
top4ek.i2p,hm3fpmxchlvqc3p4atnu7igwbenqpn7f3czbptnnqataemputl4q
rutracker.i2p,ujyqbawolalwvdpy33v2wjuaspnu4ym3fsl3fd6mldjblzzqlvlq
k1773r.i2p,zam7u6vslhemddz347uusuzjdk5wma4h5hcmcqlng4ybbpdbjhnq
nxt-wallet.i2p,33pp74k4ivy67z332qpyl3qlcqmi6gxqumrow4bldkblxxlxqq5a
vpnbest.i2p,ov5f74ndsy5rfkuyps56waf42vxncufqu5rzm3vsnxkdtogccaea
e-reading.i2p,z54dnry6rxtmzcg7e6y3qtsig5yf5fmehuvakcg5wnuahx3iafuq
anodex.i2p,25cb5kixhxm6i6c6wequrhi65mez4duc4l5qk6ictbik3tnxlu6a
www.infoserver.i2p,fq7xhxkdcauhwn4loufcadiiy24zbei25elnup33a3gfrdzrtlyq
pacman.i2p,hlkzt7mbciez64gf325u5ko3353hfxseblbj7bu4loti3lk2zfha
irc.pacman.i2p,ckxfx7oo5qbufui2i7tshzs5hef4yafgpw4jsogsyetcgk5tbn7a
easysoft.i2p,ecbhsjzyt3pjp6zv6btqin5cbhlwqsgritljgyx5tc4aoarojeva
lifebox.i2p,pyqjnycm55cuxow22voqj62qysrjdnb6nbyladaiaiirqi7vp2yq
mosfet.i2p,s5ynkgagndmpxpf2kmnenv4x72io664gzd2x3qef54ilammnte3q
i2p-projekt.i2p,udhdrtrcetjm5sxzskjyr5ztpeszydbh4dpl3pl4utgqqw2v4jna
noname56.i2p,oiyoslismzyxuw7ehxoigmtkdj35idim6flmlplddxuiiif6msfa
trac.i2p2.i2p,i43xzkihpdq34f2jlmtgiyyay5quafg5rebog7tk7xil2c6kbyoa
freedomforum.i2p,abzmusjcm3p3llj4z7b5kkkexpsxcnsylikokouk5txfim3evqua
wallet.gostcoin.i2p,reuvum7lgetglafn72chypesvto773oy53zumagrpigkckybrwda
first-world.i2p,w35uyqjcbdrohmtwgk7pf36djxelyiq5gs76hzyrwovpnmkv2gcq
alice.i2p,iq26r2ls2qlkhbn62cvgb6a4iib7m5lkoulohdua5z6uvzlovjtq
niconiconi.i2p,p5h4klccaaldvphjw7fllgj3x5tfy7thqnqu5yr6py7dofemeqiq
psy.i2p,s3elzoj3wo6v6wqu5ehd56vevpz2vrhhjc5m6mxoazicrl43y62q
vadino.i2p,aalttzlt3z25ktokesceweabm5yyhhvml2z3rfotndgpfyh6myra
backup.i2p,kepphem42whle3rkfv26wcksmnegdbg6rdp6t3oobdkc2fmzrdkq
aosp.i2p,ly7raldsh2na2cgw5yvueyvqqjgx3vbqinecjrqdldgya76i2p2q
keyserver.sigterm.i2p,isoxvnflrdn7cm76yjlfg5tbcugoito2hur7eidbqmo33xmwz5ga
pull.git.repo.i2p,3so7htzxzz6h46qvjm3fbd735zl3lrblerlj2xxybhobublcv67q
flibusta.i2p,zmw2cyw2vj7f6obx3msmdvdepdhnw2ctc4okza2zjxlukkdfckhq
visibility.i2p,pwgma3snbsgkddxgb54mrxxkt3l4jzchrtp52vxmw7rbkjygylxq
es.hiddenanswers.i2p,cw7ge5ey4ekp5iep2kaw6j54boebtqytpcbnvio2bfpccd5ejzfa
i2pnews.i2p,tc73n4kivdroccekirco7rhgxdg5f3cjvbaapabupeyzrqwv5guq
gopher.khzae.i2p,ql4l3ftj7lmrt5lxincilpey6czhphmozl2typgumaieysy7jf4q
uk.i2p,vydbychnep3mzkzhg43ptewp242issy47whamfbxodc4ma6wc63a
nacl.i2p,bm2fib3tumer72lopjh4nmqomwvqu2sdfyb2hmr6lnk7jbw3vvia
102chan.i2p,xxu3lso4h2rh6wmrxiou3ax7r7la7x6dhoepnku3jvrlwp35pefq
dashninja.i2p,dzjzoefy7fx57h5xkdknikvfv3ckbxu2bx5wryn6taud343g2jma
i2pbuggenie.i2p,bioq5jbcnfopqwvk7qssaxcl7avzeta6mu72jmxjeowflpcrhf6q
opentracker.dg2.i2p,w7tpbzncbcocrqtwwm3nezhnnsw4ozadvi2hmvzdhrqzfxfum7wa
opsec.i2p,rlsjbyy5beucaiedaggyo2tpbq75ituqwnfx4a4qghyifpdk3rra
nvspc.i2p,anlncoi2fzbsadbujidqmtji7hshfw3nrkqvbgdleepbxx3d5xra
repo.i2p,uxe3lqueuuyklel23sf5h25zwgqgjwsofrqchhnptd5y6pedzbxa
mrbamboo.i2p,tmpmkx6wlbbrgsnexrqlrib7laoegpbfeop7bnyezegii7hecpxa
i2push.i2p,mabdiml4busx53hjh4el5wlyn4go5mgji2dxsfyelagi4v5mzjxq
psyco.i2p,eoilbrgyaiikxzdtmk2zeoalteupjrvcu3ui23p4wvfqo25bb73q
passwd.i2p,ojugl3kbejhzcmyq7x52ms5lraxsig4ofkhvbgzleraer4zczroa
repo.r4sas.i2p,ymzx5zgt6qzdg6nhxnecdgbqjd34ery6mpqolnbyo5kcwxadnodq
in.i2p,r5vbv2akbp6txy5amkftia757klgdy44s6cglqhmstpg65xycyjq
onelon.i2p,irkvgdnlc6tidoqomre4qr7q4w4qcjfyvbovatgyolk6d4uvcyha
check.kovri.i2p,7uea4hzuqwbow5c6hm3ghkr7mvyb5vafoo473wrcaa4rmua2d7pq
fifi4all.i2p,v2stz6bsot7sbjzix5tky5dm5ej7gidmjnkvzqjju5xvz5sz6fwa
ru.i2p,m7fqktjgtmsb3x7bvfrdx4tf7htnhytnz5qi2ujjcnph33u3hnja
arc2.i2p,rnmosuwvtftfcrk5sk7zoyhyadh2g4dhe2mif5ml7qjisgkyw2na
tracker.lodikon.i2p,q2a7tqlyddbyhxhtuia4bmtqpohpp266wsnrkm6cgoahdqrjo3ra
anoncoin.i2p,nmi3loretkk4zbili32t2e5wyznwoxcsgzmd2z4ll3msgndyqpfa
no.i2p,lpsg4x4gdrf7antxcdy47cl6abcqei5ommgzt55retq7go5ku3ba
ginnegappen.i2p,kbhfkzx5jeqhfgss4xixnf4cb3jpuo432l3hxc32feelcmnr3yja
papel.i2p,mxskjqntn2d34q4ovsnd5mud7cgde734tdjldd3lt4hczh2645zq
explorer.gostcoin.i2p,ktoacmumifddtqdw6ewns3szxths2hq2fat2o7xnwq4y3auga3za
mystery.i2p,ccea4jybmr3xbfiykaoagfw7ezbvzyhtg44x2jgwhv7wscsxaa7a
thornworld.i2p,vinz4ygmodxarocntyjlfwk2wjpvzndlf4hxss2w2t3fk52oplva
opal.i2p,li5kue3hfaqhhvaoxiw2ollhhkw765myhwcijgock5rs4erdqdaa
inr.i2p,joajgazyztfssty4w2on5oaqksz6tqoxbduy553y34mf4byv6gpq
freedominthedeepweb.i2p,jajc3urxerox3f2gfpfdgcvwcghnpppyvurh4uo2wwue7yebhxoa
planet.i2p,y45f23mb2apgywmftrjmfg35oynzfwjed7rxs2mh76pbdeh4fatq
tracker2.postman.i2p,ahsplxkbhemefwvvml7qovzl5a2b5xo5i7lyai7ntdunvcyfdtna
costeira.i2p,abhty5xlmnyab2kqdxcd56352kcescxoux3p6dbqdrghggyygnxa
rootd.i2p,mzbe5wofwn7eaqq4yefrmxizqaxoslwqxrv5qcv2opx5lnhg64dq
silc2p.i2p,wt4mvbvnpqniywcpkrrjubvcwyskskujxjkhk24xmhrojdeisoja
timechat.i2p,dwmlsvckkc5lq335u53ewajg7yjm74dm2mqjdwbvubavkkw53kza
fs.i2p,ah4r4vzunzfa67atljlbrdgtg3zak5esh7ablpm6xno6fhqij35q
ruslibgen.i2p,kk566cv37hivbjafiij5ryoui2ebxnm7b25gb3troniixopaj6nq
cases.i2p,kmpmk2fmineaiwublteqlifg4fkmewnhmxqlcgg7qwecz6daj43a
hq.postman.i2p,27ivgyi2xhbwjyqmnx3ufjvc2slg6mv7767hxct74cfwzksjemaq
lg.i2p,3xqs2da7pnsqzmxqudsiq26vu6fcmd4ok7nsdytwyovz6omrggla
isotoxin.i2p,wue3ycaccf4texikza3fh6p5yrmtgnooisuypnepo5mo67lmpcqq
bytepay.i2p,7amc4ztwkzu3cgsaaaw3223ohuihn5hlsqc6gpf2rxdyptdkyugq
i2p-epub-eepsite.i2p,yxvzjwd4vin6pnjauekdufh7lxaijal3kqe2bhakuf47g5zkb6xa
status.str4d.i2p,ycyyjo3psqbo45nuz243xvgvwnmzlanzqbzxv3kh6gyjztv7425q
diftracker.i2p,m4mer767ipj7mq6l7gdrmrq37yzvsj3kzezd7n7nsfuctntjseka
zzz.i2p,ukeu3k5oycgaauneqgtnvselmt4yemvoilkln7jpvamvfx7dnkdq
irc.dg.i2p,fvp3pkcw4uvijqabwtekcdilklp73gyasuek67wdcs2mucep4caq
chess.i2p,sbnoqznp5yzxals3vs6nzyqaj2fetvonys4e3b3x4ktmfeus54sa
deepwebradio.i2p,2nait2gdeozkgf6gyhzjfij6mwldwkxxwcvtxobb4b5q5cvtm5la
psi.i2p,avviiexdngd32ccoy4kuckvc3mkf53ycvzbz6vz75vzhv4tbpk5a
rus.i2p,gh6655arkncnbrzq5tmq4xpn36734d4tdza6flbw5xppye2dt6ga
git-ssh.crypthost.i2p,llcp7jvz3hgtt3yzkdgjolwobisgvhv4xqa5a4oddejllyozur5a
xotc.i2p,gqgvzum3xdgtaahkjfw3layb33vjrucmw5btyhrppm463cz3c5oq
go.i2p,ll6q4lsirhwkln4dqxwqkh2xu4mu3jiy546b4uhe4fypyb4vvx2q
r4sas.i2p,2gafixvoztrndawkmhfxamci5lgd3urwnilxqmlo6ittu552cndq
outproxy-tor.meeh.i2p,77igjr2pbg73ox5ngqy5ohzvrnur3ezqcogtl4vpuqtrcl3irsqq
rebel.i2p,nch2arl45crkyk6bklyk2hrdwjf5nztyxdtoshy6llhwqgxho5jq
mtn.i2p-projekt.i2p,f52x5fp6uhq53f5zle5d6rq5un34xgmxgazvilvmzcby37xcmsfa
str4d.i2p,wrrwzdgsppwl2g2bdohhajz3dh45ui6u3y7yuop5ivvfzxtwnipa
boerse.i2p,7633w56hd53sesr6b532r5qlbdnvyl5bnvama6ign6xryaxol4rq
forums.i2p,tmlxlzag7lmkgwf6g2msygby3qttxvm6ixlfkq6s6cpgwubp33ya
andmp.i2p,rv6zugykqdhmwwsuglv7j6ktjojdbf5fqta66hixejg33qb2su3q
lunokhod.i2p,3yc6sp7xic4grmpfecbwuij6z3dp5kdgoo362pszaco7io42mnwa
zeronet.i2p,fe6pk5sibhkr64veqxkfochdfptehyxrrbs3edwjs5ckjbjn4bna
tahoeserve.i2p,yhs7tsjeznxdenmdho5gjmk755wtredfzipb5t272oi5otipfkoa
iamevil.i2p,au7jhslyt4cxkjp365bvqvend3hhykrrhbohtjqlgoqrlijbezja
i2peek-a-boo.i2p,qgv64klyy4tgk4ranaznet5sjgi7ccsrawtjx3j5tvekvvfl67aa
darkrealm.i2p,gbh4eerxdsph7etxsxznfhvmuiz54trlkenakqep343u4xcoekzq
rospravosudie.i2p,z55khrnlj6bzhs5zielutm6ae6t2bbhfuiujwlrp3teubqyc4w7q
tome.i2p,qktkxwawgixrm5lzofnj5n24zspbnzxy4pvjm7uvaxvmgwrsuvgq
i2pdocs.str4d.i2p,yfvbtrhjac3jutdsqzugog6mbz3jtyhpwovrt2mqc5mzv534y7cq
jikx.i2p,aazr55itvyns4lwppvx5njyx5tjdwemw4w6jbmpegdunznod2ieq
ssh.i2p,xpvdadaouc4qr75pteymyozc7mcsynjfkuqqkkla542lpcsqionq
fido.r4sas.i2p,i522xmu63hfbaw2k54cthffcoqmeao6urjyq3jg4hddf6wf57p3q
thebland.i2p,oiviukgwapzxsrwxsoucpqa47s3wt6nfuhfjxvgbqsyrze2mwrda
rpi.i2p,56p5qxsrvo5ereibevetw2qbj5bronmos7wxunku27g2s4kpbnlq
xecut.i2p,y5mbioxpa5gocffimnhjudv7lq5rggh4njkvovur7mrcmfcxxloq
webviewer.aktie.i2p,gvofjbuvkl65f2npmyyig6wmi4ryvzdyli2pj4ufu56vtabc5pmq
rasputin-sucks.i2p,fdozdbyak4rul4jwpqfisbkcx4xbrkuvf2o5r6fd3xryyrjgvjiq
smtp.postman.i2p,jj7pt6chsziz6oxxnzpqj7mzhxm2xfhcrbh7dl3tegifb577vx5q
ramsay.i2p,svezv4xrp4l57ankyhu6qisd5jnk423n7oa5as3zd2554aaz6lkq
bitlox.i2p,lqw5khxcdntlv3u4vhn53upcqirplvnc4etjlmoytrzs66ytettq
xeha.i2p,oartgetziabrdemxctowp7bbeggc7ktmj7tr4qgk5y5jcz4prbtq
fa.i2p,6n6p3aj6xqhevfojj36dixwbl4reopkhymxmatz7ai5sroh75rka
gstbtc.i2p,n33uthzyqsbozl2qh5zii2bq2nnvbz6g6c4ew3mwp6uukk6u7wva
tooman.i2p,auo7cuq4dovgniwojq5fbwyjuvmks3zv7aopu5f6onsckuihsdpa
nop.i2p,ssag45lathm4gqp46si7c4w4tioyvjpcza5uvz5x2zuljnplylca
schwarzwald.i2p,4gokilzy73mmudufy3pohgatm42fcstx7uzg5hjvnfyphxpnphuq
mosbot.i2p,5bhmrp43mjwlzf4x64xgdrkwmw4luvng6eq5waa663a7vnkp732a
lm.i2p,yeyar743vuwmm6fpgf3x6bzmj7fxb5uxhuoxx4ea76wqssdi4f3q
oniichan.i2p,nnkikjorplul4dlytwfovkne66lwo7ln26xzuq33isvixw3wu3yq
forum.rus.i2p,zd37rfivydhkiyvau27qxwzmerlzbqtthsa5ohtcww62zrygjaga
retrobbs2.i2p,ejff7jtyaus37slkwgeqrrcmyhpj26carp7n27f5h6s5vlbeiy6q
silkroadreloaded.i2p,hyn3mwmyeovcn2paujxur2eury2ufqpoahvbbqshfoggljn25tra
cash.i2p,6qscc7avdla6lzs6u2nzbppoxndhioh5krmoauolpwixfeuylo2q
def2.i2p,cepsrw27kdegwo7ihzouwvgcvw2obswwjs23ollgj7hk2yrce3da
skank.i2p,qiii4iqrj3fwv4ucaji2oykcvsob75jviycv3ghw7dhzxg2kq53q
pomoyka.i2p,omt56v4jxa4hurbwk44vqbbcwn3eavuynyc24c25cy7grucjh24q
9.i2p,4serdqvuthqxeaovnfc5ybdjin3l7noperdgplthjwqovzxifvya
rideronthestorm.i2p,xrdc2qc7quhumhglpbcuiqxr42nuffv4xj4a73jbr4ygepitibqq
echelon.i2p,afvtspvugtd32rsalxircjglh3fhcjzk7gxrm3gw4s2yrpvzk6wq
retrobbs.i2p,mnn77stihntxdoade3ca2vcf456w6vhhvdsfepdvq5qggikvprxq
xmpp.rpi.i2p,3yv65pfwiwfuv4ciwtx34clqps6o2mc3vtyltcbqdkcki6untbca
nsa.i2p,nsetvbclpomqxfcit4mghn6z7vdhnza6jdzczby4crnto32uykga
cerapadus.i2p,zroed2cxga5zeuu6rcvmp2yfi77nzduw7yhdplbeuqkuyxwbrzaq
tutorials.i2p,zy37tq6ynucp3ufoyeegswqjaeofmj57cpm5ecd7nbanh2h6f2ja
tor-gw.meeh.i2p,ounrqi7cfemnt66yhnhigt2u27fkctbvct527cp2522ozy3btjza
city.i2p,q3x6msrirtu5gy5vilpki7afqlgrduvs3f6ywixu3qt5q6qc6sca
